age1;age2;ifr
5;9;0.000016
10;19;0.0000032
20;49;0.000092
50;64;0.0014
65;;0.056
